Action(SiteID=UK|Country=GB|Currency=GBP|Version=585|CC=UTF-8),ItemID,SiteID,Currency,StartPrice,BuyItNowPrice,Quantity,Relationship,RelationshipDetails,CustomLabel
Revise,174512767526,UK,GBP,33.99,,1,,,B086R8X9XF
Revise,174512767528,UK,GBP,31.99,,1,,,B0874CFYQD
Revise,174588910674,UK,GBP,448.99,,1,,,B08KRZ94W2
Revise,174588910703,UK,GBP,17.99,,1,,,B08KVV3NZD
Revise,174590266593,UK,GBP,45.99,,1,,,B08KW227V9
Revise,174590266602,UK,GBP,52.99,,1,,,B08KW693VP
Revise,174590266601,UK,GBP,21.99,,1,,,B08KWJSWKM
Revise,174590266585,UK,GBP,23.99,,1,,,B08KWK42QK
Revise,174590266618,UK,GBP,24.99,,1,,,B08KXPS9TL
Revise,174590266575,UK,GBP,27.99,,1,,,B08KXR79TW
Revise,174598485552,UK,GBP,22.99,,1,,,B08QHV7C94
Revise,174603147506,UK,GBP,9.99,,1,,,B08P8KC7CZ
Revise,174603147527,UK,GBP,20.99,,1,,,B08P912G4R
Revise,174603147528,UK,GBP,10.99,,1,,,B08PB3Y9RN
Revise,174604050159,UK,GBP,14.99,,1,,,B08MFC954P
Revise,174604050157,UK,GBP,17.99,,1,,,B08MFFVT5X
Revise,174604050171,UK,GBP,39.99,,1,,,B08Q7KLBDD
Revise,174604050178,UK,GBP,13.99,,1,,,B08QZM6K9Z
Revise,174607141009,UK,GBP,23.99,,1,,,B08KZTXRBM
Revise,174607141023,UK,GBP,13.99,,0,,,B08KZW44HK
Revise,174607141017,UK,GBP,21.99,,1,,,B08KZXDVGD
Revise,174607141010,UK,GBP,15.99,,1,,,B08KZXVVF8
Revise,174607141034,UK,GBP,17.99,,1,,,B08KZYHTQZ
Revise,174607141030,UK,GBP,12.99,,1,,,B08KZMMFSH
Revise,174607141049,UK,GBP,17.99,,1,,,B08KZNVGKB
Revise,174607141007,UK,GBP,14.99,,1,,,B08KZQ8Z9Z
Revise,174607141008,UK,GBP,9.99,,1,,,B08KZQH32M
Revise,174607141045,UK,GBP,19.99,,1,,,B08KZSVF8F
Revise,174607141011,UK,GBP,24.99,,1,,,B08KZXZKDF
Revise,174607141048,UK,GBP,13.99,,0,,,B08KY7QLG1
Revise,174607141041,UK,GBP,20.99,,1,,,B08KZP2XQG
Revise,174607141015,UK,GBP,20.99,,1,,,B08KZPY43D
Revise,174607141037,UK,GBP,10.99,,1,,,B08KYJVDSY
Revise,174607141046,UK,GBP,7.99,,1,,,B08KXXPG95
Revise,174607141013,UK,GBP,13.99,,1,,,B08KXSYKBC
Revise,174607141019,UK,GBP,13.99,,0,,,B08KZYN9KR
Revise,174607141005,UK,GBP,16.99,,1,,,B08KZZFGHK
Revise,174607141026,UK,GBP,16.99,,1,,,B08L12CJ51
Revise,174607141028,UK,GBP,52.99,,1,,,B08L12W6RR
Revise,174607141033,UK,GBP,21.99,,1,,,B08L1397SS
Revise,174607141012,UK,GBP,17.99,,1,,,B08L14J7LR
Revise,174607141038,UK,GBP,11.99,,1,,,B08L17VZ3C
Revise,174607141014,UK,GBP,20.99,,1,,,B08L17YD1K
Revise,174607141058,UK,GBP,32.99,,1,,,B08L19PGWL
Revise,174607141024,UK,GBP,13.99,,0,,,B08L1B2WDW
Revise,174607141032,UK,GBP,17.99,,1,,,B08L12KJJW
Revise,174607141020,UK,GBP,34.99,,0,,,B08L2R4KH1
Revise,174607141050,UK,GBP,24.99,,1,,,B08L3461KP
Revise,174607141016,UK,GBP,8.99,,1,,,B08L36LZ3Z
Revise,174607141021,UK,GBP,6.99,,1,,,B08L3B7WGB
Revise,174607141056,UK,GBP,25.99,,1,,,B08L3G5P8T
Revise,174607141035,UK,GBP,10.99,,1,,,B08L3GW79K
Revise,174607141006,UK,GBP,8.99,,1,,,B08L3H5ZRZ
Revise,174607141027,UK,GBP,11.99,,1,,,B08L3LX3BX
Revise,174607141025,UK,GBP,25.99,,1,,,B08L3RG834
Revise,174607141044,UK,GBP,27.99,,1,,,B08L3TSPDR
Revise,174607141040,UK,GBP,20.99,,1,,,B08L4FTTZ7
Revise,174607141022,UK,GBP,52.99,,1,,,B08L4G5SHW
Revise,174607141029,UK,GBP,16.99,,1,,,B08L4G6WQG
Revise,174607141054,UK,GBP,57.99,,1,,,B08L4H1LN9
Revise,174608074259,UK,GBP,114.99,,0,,,B08KXVYGSF
Revise,174608074264,UK,GBP,9.99,,1,,,B08KYFWGX5
Revise,174608074263,UK,GBP,15.99,,1,,,B08KYLHQFM
Revise,174608074254,UK,GBP,15.99,,1,,,B08KZ23NKS
Revise,174608074235,UK,GBP,8.99,,1,,,B08KYPXSN7
Revise,174608074229,UK,GBP,13.99,,0,,,B08KZTXJ6P
Revise,174608074256,UK,GBP,13.99,,0,,,B08KZV5F8J
Revise,174608074228,UK,GBP,9.99,,1,,,B08KZW64YP
Revise,174608074224,UK,GBP,9.99,,1,,,B08KZXLZB5
Revise,174608074231,UK,GBP,13.99,,0,,,B08KZYV1K4
Revise,174608074232,UK,GBP,9.99,,1,,,B08KZZ5DMF
Revise,174608074230,UK,GBP,23.99,,1,,,B08L2P88KH
Revise,174608074245,UK,GBP,9.99,,1,,,B08L34P55Y
Revise,174608074223,UK,GBP,14.99,,1,,,B08L4FL7H3
Revise,174608074227,UK,GBP,22.99,,1,,,B08L4GMLND
Revise,174608074222,UK,GBP,8.99,,1,,,B08L4H8CGP
Revise,174608074241,UK,GBP,9.99,,1,,,B08L4HHFZN
Revise,174608074251,UK,GBP,24.99,,1,,,B08L4HTF2Q
Revise,174608074238,UK,GBP,9.99,,1,,,B08L4J3J45
Revise,174608074214,UK,GBP,13.99,,0,,,B08L4JXTW5
Revise,174608074242,UK,GBP,16.99,,1,,,B08L4KLXL8
Revise,174608074253,UK,GBP,19.99,,1,,,B08L4M5VGF
Revise,174608074234,UK,GBP,10.99,,1,,,B08L4NY5NQ
Revise,174608074249,UK,GBP,40.99,,1,,,B08L4QHB7T
Revise,174608074262,UK,GBP,37.99,,1,,,B08L56GJWJ
Revise,174608074252,UK,GBP,21.99,,1,,,B08L4Y1HH4
Revise,174608074240,UK,GBP,13.99,,0,,,B08L5N4WLQ
Revise,174608074215,UK,GBP,29.99,,1,,,B08L4T7YCF
Revise,174608074236,UK,GBP,10.99,,1,,,B08L4TKPDS
Revise,174608074239,UK,GBP,12.99,,1,,,B08L4VGJ1J
Revise,174608074216,UK,GBP,12.99,,1,,,B08L4VRCGZ
Revise,174608074269,UK,GBP,23.99,,1,,,B08L4VSYH3
Revise,174608074225,UK,GBP,9.99,,1,,,B08L4WGBX2
Revise,174608074221,UK,GBP,12.99,,1,,,B08L4WHGWD
Revise,174608074246,UK,GBP,23.99,,1,,,B08L4WYPQS
Revise,174608074248,UK,GBP,12.99,,1,,,B08L4XD782
Revise,174608074237,UK,GBP,10.99,,1,,,B08L4YZH2N
Revise,174608074260,UK,GBP,16.99,,1,,,B08L4ZB1S4
Revise,174608074258,UK,GBP,12.99,,1,,,B08L51T8QG
Revise,174608074218,UK,GBP,13.99,,1,,,B08L5282RP
Revise,174608074257,UK,GBP,12.99,,1,,,B08L52DMQB
Revise,174608074226,UK,GBP,10.99,,1,,,B08L52QJWK
Revise,174608074243,UK,GBP,14.99,,1,,,B08L535QG2
Revise,174608074217,UK,GBP,23.99,,1,,,B08L53H4XK
Revise,174608074219,UK,GBP,10.99,,1,,,B08L53PSF1
Revise,174608074233,UK,GBP,16.99,,1,,,B08L54WYPK
Revise,174608074255,UK,GBP,10.99,,1,,,B08L54XWW9
Revise,174609087671,UK,GBP,12.99,,1,,,B08L563127
Revise,174609087650,UK,GBP,20.99,,1,,,B08L58Z2XP
Revise,174609087673,UK,GBP,13.99,,0,,,B08L59PFTY
Revise,174609087652,UK,GBP,17.99,,1,,,B08L5BVZQ1
Revise,174609087662,UK,GBP,16.99,,0,,,B08L5FPBK6
Revise,174609087657,UK,GBP,13.99,,1,,,B08L5GZ9FS
Revise,174609087654,UK,GBP,17.99,,1,,,B08L5HTN7C
Revise,174609087660,UK,GBP,27.99,,1,,,B08L5L81WX
Revise,174609087692,UK,GBP,13.99,,1,,,B08L5MW1NF
Revise,174609087690,UK,GBP,13.99,,0,,,B08L5SCJF8
Revise,174609087655,UK,GBP,12.99,,1,,,B08L5VD27D
Revise,174609087653,UK,GBP,17.99,,1,,,B08L5VGL91
Revise,174609087664,UK,GBP,9.99,,1,,,B08L5WG2J6
Revise,174609087681,UK,GBP,13.99,,1,,,B08L5YXS9Z
Revise,174609087683,UK,GBP,14.99,,1,,,B08L5ZTXKV
Revise,174609087663,UK,GBP,13.99,,1,,,B08L612BC2
Revise,174609087679,UK,GBP,13.99,,0,,,B08L6233PV
Revise,174609087667,UK,GBP,10.99,,1,,,B08L62FW15
Revise,174609087668,UK,GBP,12.99,,1,,,B08L63PBPC
Revise,174609087687,UK,GBP,47.99,,1,,,B08L66TXL1
Revise,174609087659,UK,GBP,13.99,,0,,,B08L53QH4D
Revise,174609087678,UK,GBP,18.99,,1,,,B08L55D7S6
Revise,174609087680,UK,GBP,13.99,,1,,,B08L5VMHFT
Revise,174609087677,UK,GBP,17.99,,0,,,B08L61X33X
Revise,174609087670,UK,GBP,7.99,,1,,,B08L4VN9MX
Revise,174609087666,UK,GBP,9.99,,1,,,B08L4XMBJ1
Revise,174609087661,UK,GBP,6.99,,1,,,B08L4Y4M57
Revise,174609087669,UK,GBP,12.99,,1,,,B08L53N84Y
Revise,174609087665,UK,GBP,14.99,,1,,,B08L547WLP
Revise,174609087682,UK,GBP,4.99,,1,,,B08L56LWBD
Revise,174609087674,UK,GBP,6.99,,1,,,B08L59W7HC
Revise,174609087648,UK,GBP,13.99,,0,,,B08L5JQ15P
Revise,174609087656,UK,GBP,8.99,,1,,,B08L5Z34BJ
Revise,174609087672,UK,GBP,8.99,,1,,,B08L62Z1KP
Revise,174609087684,UK,GBP,13.99,,0,,,B08L5Y2KK3
Revise,174609087675,UK,GBP,17.99,,1,,,B08L5L5GVD
Revise,174620609805,UK,GBP,11.99,,1,,,B08862PWCN
Revise,174620614729,UK,GBP,11.99,,1,,,B081YZWGJX
Revise,174620614728,UK,GBP,11.99,,1,,,B0885T4XP4
Revise,174627240330,UK,GBP,25.99,,1,,,B07XKQNHWX
Revise,174627240346,UK,GBP,37.99,,1,,,B07XKRMG5K
Revise,174629403532,UK,GBP,9.99,,1,,,B07VV19JRZ
Revise,174633997516,UK,GBP,11.99,,1,,,B00URGQGDM
Revise,174633997518,UK,GBP,27.99,,1,,,B07KR54VWP
Revise,174634007324,UK,GBP,12.99,,1,,,B08F57XHHR
Revise,174634007323,UK,GBP,16.99,,1,,,B08C7HKRQH
Revise,174637913251,UK,GBP,23.99,,1,,,B0858YZPX9
Revise,174637913253,UK,GBP,13.99,,0,,,B01M58B7E4
Revise,174637913245,UK,GBP,13.99,,0,,,B07BK3L581
Revise,174637913249,UK,GBP,20.99,,1,,,B07PG9S1SP
Revise,174637913242,UK,GBP,28.99,,1,,,B07Y2TRC1J
Revise,174637913244,UK,GBP,25.99,,1,,,B0827B5582
Revise,174637913241,UK,GBP,13.99,,0,,,B0859LQQQB
Revise,174637913246,UK,GBP,28.99,,1,,,B087NL4CZ9
Revise,174637913248,UK,GBP,13.99,,0,,,B07KSRZYXD
Revise,174637913252,UK,GBP,19.99,,1,,,B07STK7XJ2
Revise,174637913243,UK,GBP,20.99,,1,,,B08LP7RY31
Revise,174646090959,UK,GBP,80.99,,1,,,B07Z7QBSFR
Revise,174646090951,UK,GBP,121.99,,1,,,B07MF761DN
Revise,174669228700,UK,GBP,227.99,,0,,,B07RHC2955
Revise,174646090984,UK,GBP,13.99,,1,,,B006LW0W5Y
Revise,174646090975,UK,GBP,127.99,,1,,,B08GCGSGRY
Revise,174646090963,UK,GBP,32.99,,1,,,B01CUF91B6
Revise,174646090960,UK,GBP,21.99,,1,,,B07BZ9KKDW
Revise,174646090968,UK,GBP,10.99,,1,,,B08D39T6F4
Revise,174663772991,UK,GBP,37.99,,1,,,B08M62MTZL
Revise,174663772976,UK,GBP,13.99,,0,,,B08QZ91THR
Revise,174663772981,UK,GBP,37.99,,1,,,B07H26742D
Revise,174647275089,UK,GBP,44.99,,1,,,B07PFSXZ2W
Revise,174663772987,UK,GBP,17.99,,1,,,B07SQTXJ18
Revise,174663772972,UK,GBP,40.99,,1,,,B07V79YXG9
Revise,174663772967,UK,GBP,17.99,,1,,,B07WXVSXLS
Revise,174663772983,UK,GBP,17.99,,1,,,B07WSS27QT
Revise,174663772968,UK,GBP,23.99,,1,,,B00COMSY5U
Revise,174669228702,UK,GBP,161.99,,1,,,B07D6Y2C97
Revise,174647275094,UK,GBP,13.99,,1,,,B07GYS426K
Revise,174647275081,UK,GBP,27.99,,1,,,B07S94N2FM
Revise,174663772982,UK,GBP,21.99,,0,,,B07S1J7257
Revise,174663772988,UK,GBP,33.99,,1,,,B07SFSSNK2
Revise,174647275080,UK,GBP,47.99,,1,,,B07WMTF539
Revise,174647275075,UK,GBP,17.99,,1,,,B07MYXWPR3
Revise,174663772980,UK,GBP,100.99,,1,,,B07Q27HW2G
Revise,174669228703,UK,GBP,205.99,,1,,,B07YYY5Y72
Revise,174647275082,UK,GBP,24.99,,1,,,B07MN26B1G
Revise,174663772961,UK,GBP,47.99,,1,,,B0874F6VK6
Revise,174647275093,UK,GBP,107.99,,1,,,B08BLRPVB5
Revise,174663772974,UK,GBP,107.99,,1,,,B08BLS67MR
Revise,174663772978,UK,GBP,48.99,,1,,,B086BS83P7
Revise,174663772966,UK,GBP,37.99,,1,,,B087NB71CR
Revise,174671146679,UK,GBP,363.99,,0,,,B087TKBWDP
Revise,174663772971,UK,GBP,126.99,,1,,,B0851C93Z4
Revise,174647275078,UK,GBP,161.99,,1,,,B0899LJFC9
Revise,174647275084,UK,GBP,16.99,,1,,,B076GVN9HS
Revise,174647275077,UK,GBP,20.99,,1,,,B08D662Q33
Revise,174663772965,UK,GBP,47.99,,1,,,B089ZQQ7T2
Revise,174647275100,UK,GBP,107.99,,1,,,B08L363RJ7
Revise,174663772977,UK,GBP,107.99,,1,,,B085Y72YP1
Revise,174663772960,UK,GBP,111.99,,1,,,B08BHPC4C9
Revise,174647275085,UK,GBP,126.99,,1,,,B08L3HG28S
Revise,174663772973,UK,GBP,129.99,,1,,,B076X48MX7
Revise,174647275088,UK,GBP,121.99,,1,,,B08H4WKQW1
Revise,174663772979,UK,GBP,134.99,,1,,,B08HM77MSH
Revise,174663772962,UK,GBP,53.99,,1,,,B08L872Y43
Revise,174663772985,UK,GBP,20.99,,1,,,B07PWCKKQD
Revise,174663772990,UK,GBP,17.99,,1,,,B07QK9CH37
Revise,174663772963,UK,GBP,20.99,,1,,,B07PLGTJ93
Revise,174663772969,UK,GBP,13.99,,0,,,B07T29CNLQ
Revise,174663772986,UK,GBP,7.99,,1,,,B07WLSQT6D
Revise,174669228707,UK,GBP,8.99,,1,,,B076J6BFY9
Revise,174669228704,UK,GBP,51.99,,1,,,B000RGPIAE
Revise,174669228705,UK,GBP,41.99,,1,,,B001ULCILW
Revise,174671146736,UK,GBP,23.99,,1,,,B000KHVKAW
Revise,174669228706,UK,GBP,30.99,,1,,,B001RYSHIU
Revise,174669228710,UK,GBP,26.99,,1,,,B000XUJQGG
Revise,174669228708,UK,GBP,25.99,,1,,,B0018NJO2I
Revise,174669228709,UK,GBP,105.99,,1,,,B000PC2AZQ
Revise,174669228717,UK,GBP,94.99,,1,,,B001YFSIT0
Revise,174669228712,UK,GBP,107.99,,1,,,B001D650FA
Revise,174669228711,UK,GBP,71.99,,1,,,B001MKI90K
Revise,174669228715,UK,GBP,33.99,,1,,,B000P5RS6Y
Revise,174669228713,UK,GBP,71.99,,1,,,B001ASBGPY
Revise,174669228716,UK,GBP,63.99,,1,,,B002HUFWEU
Revise,174669228720,UK,GBP,23.99,,1,,,B000Y8IPWI
Revise,174669228732,UK,GBP,30.99,,0,,,B000FDNB3K
Revise,174669228719,UK,GBP,76.99,,1,,,B000UZ1P8Q
Revise,174669228721,UK,GBP,68.99,,1,,,B0015B7FI8
Revise,174669228724,UK,GBP,23.99,,1,,,B000R8SC8W
Revise,174669228722,UK,GBP,78.99,,1,,,B002CML1VG
Revise,174671146671,UK,GBP,33.99,,1,,,B0009R34CK
Revise,174669228738,UK,GBP,20.99,,1,,,B0002ORRT6
Revise,174669228728,UK,GBP,29.99,,1,,,B00XCN0DFE
Revise,174669228725,UK,GBP,117.99,,0,,,B00XCTVSQQ
Revise,174669228727,UK,GBP,33.99,,1,,,B00YFPD76K
Revise,174669228730,UK,GBP,35.99,,1,,,B012NIMP22
Revise,174669228726,UK,GBP,38.99,,1,,,B013ETQJEO
Revise,174669228729,UK,GBP,68.99,,0,,,B015OFL76G
Revise,174669228731,UK,GBP,33.99,,1,,,B016IWEZQS
Revise,174669228733,UK,GBP,13.99,,0,,,B0198VLMLC
Revise,174671146682,UK,GBP,56.99,,1,,,B073RQ9FDT
Revise,174671146672,UK,GBP,228.99,,1,,,B01NCK0HCP
Revise,174671146673,UK,GBP,27.99,,1,,,B0746J3NRS
Revise,174671146668,UK,GBP,44.99,,1,,,B01FFSI7XI
Revise,174671146681,UK,GBP,86.99,,1,,,B0749WMW3X
Revise,174671146683,UK,GBP,37.99,,1,,,B073PD6YRQ
Revise,174671146678,UK,GBP,100.99,,1,,,B071Y9YPMM
Revise,174671146689,UK,GBP,45.99,,1,,,B01N7SH5YT
Revise,174671146701,UK,GBP,99.99,,1,,,B06XBXHW8W
Revise,174671146693,UK,GBP,32.99,,1,,,B01BKF2N8K
Revise,174671146699,UK,GBP,87.99,,1,,,B01MSZ58DO
Revise,174671146685,UK,GBP,14.99,,1,,,B01LXI5HYH
Revise,174671146684,UK,GBP,166.99,,1,,,B06XKVS91W
Revise,174671146674,UK,GBP,33.99,,1,,,B01M3Q1P81
Revise,174671146702,UK,GBP,25.99,,1,,,B01L9895B6
Revise,174671146696,UK,GBP,282.99,,1,,,B01IHRLMAE
Revise,174671146692,UK,GBP,72.99,,1,,,B073PSKH68
Revise,174671146686,UK,GBP,57.99,,1,,,B072JVYKDL
Revise,174671146694,UK,GBP,47.99,,1,,,B06WD1CDCC
Revise,174671146703,UK,GBP,28.99,,1,,,B01GQF8DG0
Revise,174671146669,UK,GBP,27.99,,1,,,B01DFDD42Y
Revise,174671146690,UK,GBP,39.99,,1,,,B071X7W4J8
Revise,174671146698,UK,GBP,80.99,,1,,,B01C6828IK
Revise,174671146680,UK,GBP,156.99,,1,,,B01AK2DYEQ
Revise,174671146677,UK,GBP,40.99,,1,,,B01D3VEKTO
Revise,174671146670,UK,GBP,221.99,,1,,,B01MR6Y13P
Revise,174671146697,UK,GBP,107.99,,1,,,B071VX4SVN
Revise,174671146695,UK,GBP,48.99,,1,,,B071VG5SSK
Revise,174671146691,UK,GBP,72.99,,1,,,B01J2Y5T6Y
